{
  "lang":"hi",
  "name":"hi_wiki_sm",
  "version":"0.0.0",
  "spacy_version":">=2.2.4",
  "description":"",
  "author":"",
  "email":"",
  "url":"",
  "license":"",
  "vectors":{
    "width":128,
    "vectors":179631,
    "keys":179128,
    "name":"hi_model.vectors"
  },
  "pipeline":[
    "tagger",
    "parser",
    "ner"
  ],
  "factories":{
    "tagger":"tagger",
    "parser":"parser",
    "ner":"ner"
  },
  "labels":{
    "tagger":[
      "CC",
      "CCC",
      "DEM",
      "INJ",
      "INTF",
      "JJ",
      "JJC",
      "NEG",
      "NN",
      "NNC",
      "NNP",
      "NNPC",
      "NST",
      "NSTC",
      "PRP",
      "PRPC",
      "PSP",
      "QC",
      "QCC",
      "QF",
      "QFC",
      "QO",
      "RB",
      "RBC",
      "RDP",
      "RP",
      "SYM",
      "UNK",
      "VAUX",
      "VM",
      "WQ",
      "_SP"
    ],
    "parser":[
      "ROOT",
      "acl",
      "acl:relcl",
      "advcl",
      "advmod",
      "amod",
      "aux",
      "aux:pass",
      "case",
      "cc",
      "compound",
      "conj",
      "cop",
      "dep",
      "det",
      "dislocated",
      "iobj",
      "mark",
      "nmod",
      "nsubj",
      "nsubj:pass",
      "nummod",
      "obj",
      "obl",
      "punct",
      "xcomp"
    ],
    "ner":[

    ]
  },
  "accuracy":{
    "tags_acc":95.9706959707,
    "token_acc":100.0,
    "las":88.9781999756,
    "uas":92.9545731336,
    "las_per_type":{
      "nmod":{
        "p":86.6705302811,
        "r":85.2622576967,
        "f":85.9606265268
      },
      "case":{
        "p":97.2933215652,
        "r":97.3792697291,
        "f":97.336276674
      },
      "compound":{
        "p":84.3325339728,
        "r":86.1693438606,
        "f":85.2410449771
      },
      "nsubj":{
        "p":82.8273244782,
        "r":83.9423076923,
        "f":83.3810888252
      },
      "nummod":{
        "p":92.5862068966,
        "r":94.5422535211,
        "f":93.5540069686
      },
      "xcomp":{
        "p":44.0,
        "r":34.9206349206,
        "f":38.9380530973
      },
      "root":{
        "p":96.6244725738,
        "r":96.6244725738,
        "f":96.6244725738
      },
      "amod":{
        "p":86.4775725594,
        "r":87.3417721519,
        "f":86.9075240305
      },
      "obl":{
        "p":84.1883116883,
        "r":85.6058104985,
        "f":84.8911442135
      },
      "obj":{
        "p":79.304245283,
        "r":77.9710144928,
        "f":78.6319789535
      },
      "cc":{
        "p":84.7605224964,
        "r":84.2712842713,
        "f":84.515195369
      },
      "conj":{
        "p":82.3754789272,
        "r":81.234256927,
        "f":81.8008877616
      },
      "dep":{
        "p":93.7022900763,
        "r":93.8814531549,
        "f":93.7917860554
      },
      "advcl":{
        "p":76.9736842105,
        "r":80.8755760369,
        "f":78.8764044944
      },
      "det":{
        "p":94.5288753799,
        "r":93.9577039275,
        "f":94.2424242424
      },
      "aux:pass":{
        "p":97.9223125565,
        "r":98.99543379,
        "f":98.4559491371
      },
      "mark":{
        "p":94.0128296507,
        "r":94.2142857143,
        "f":94.1134498751
      },
      "aux":{
        "p":97.5806451613,
        "r":96.628216504,
        "f":97.1020954079
      },
      "cop":{
        "p":91.0,
        "r":91.9191919192,
        "f":91.4572864322
      },
      "advmod":{
        "p":82.3008849558,
        "r":79.0368271955,
        "f":80.6358381503
      },
      "acl:relcl":{
        "p":50.8333333333,
        "r":51.2605042017,
        "f":51.0460251046
      },
      "nsubj:pass":{
        "p":55.1724137931,
        "r":39.0243902439,
        "f":45.7142857143
      },
      "iobj":{
        "p":71.9512195122,
        "r":68.3397683398,
        "f":70.099009901
      },
      "acl":{
        "p":74.8987854251,
        "r":58.7301587302,
        "f":65.8362989324
      },
      "dislocated":{
        "p":85.7142857143,
        "r":85.7142857143,
        "f":85.7142857143
      },
      "vocative":{
        "p":0.0,
        "r":0.0,
        "f":0.0
      }
    },
    "ents_f":0.0,
    "ents_p":0.0,
    "ents_r":0.0,
    "ents_per_type":{

    }
  },
  "speed":{
    "cpu":2208.0145504308,
    "gpu":null,
    "nwords":35217
  }
}